계약관서,계약명,계약방법,계약일자,계약금액,계약상대자
본청,군청사 사무실 등 사무집기 구매(회계과),수의1인견적,2023-01-06,16606000,중부사무용가구
본청,드림스타트 가족미션 챌린지 프로그램 진행에 따른 설명절 꾸러미(떡국) 구입(가족친화과),수의1인견적,2023-01-10,3933000,진천농협하나로마트
본청,군정홍보용 촬영 카메라 세트 구입(홍보미디어실),수의1인견적,2023-01-11,13750000,브로드코어
본청,2023년 설맞이 사회복지시설 위문 물품 구입 집행(주민복지과),수의1인견적,2023-01-11,8456500,진천축산업협동조합 벽암지점
본청,GPS 측량장비 구입(민원토지과),수의1인견적,2023-01-11,20000000,한양측량시스템
본청,진천·음성 광역폐기물 재활용선별시설 증설사업 물품(간판 등) 구입(식산업자원과),수의1인견적,2023-01-16,18372000,싸인아트
본청,「양화 풍수해생활권 종합정비사업」관급자재(혼합쇄석 및 잡석) 구입(이월확정),제한경쟁,2023-01-16,155008040,주식회사 보정골재
본청,2023년 주요업무계획 책자 제작(기획감사실),수의1인견적,2023-01-17,6370000,오투기획
본청,2023년 주요 진천군정 소책자 제작(기획감사실),수의1인견적,2023-01-17,5600000,오투기획
본청,진천·음성 광역폐기물 재활용선별시설 증설 장비(지게차) 구입(식산업자원과),수의1인견적,2023-01-19,49200000,삼성클라크지게차
본청,공통기반 재해복구 스토리지 디스크 구입(홍보미디어실),수의1인견적,2023-01-20,12640000,주식회사 에즈웰
본청,"스마트 그린도시, 포토존 LED조형물 제작 및 설치(환경에너지과)",수의1인견적,2023-01-25,7300000,주식회사 에스씨티엔에스
본청, 제설제(염화칼슘) 구입(건설교통과),수의1인견적,2023-01-25,33253000,알파환경식품
본청, 제설제(염화칼슘 및 소금) 구입(건설교통과),수의1인견적,2023-01-25,31660200,(주)지엔씨
본청,2023년 유해야생동물 피해방지단 운영에 따른 실탄 구입(환경에너지과),수의1인견적,2023-01-30,13805000,성동총포사
본청,제설제(친환경제설제) 구입(건설교통과),수의1인견적,2023-01-30,9360000,알에스(RS)유통
본청, 2023년 봄철 산불조심기간에 따른 산불조심 홍보물 구입(산림녹지과),수의1인견적,2023-01-30,4128000,우리에이엔씨
본청,행정전산실 무정전전원장치(UPS) 배터리 구입(홍보미디어실),수의1인견적,2023-01-31,9720000,영신엔지니어링
본청,통신실(6개소) 무정전전원공급장치(UPS) 배터리 교체(홍보미디어실),수의1인견적,2023-02-01,7040000,세방전기
본청,2023년 진천군 봄철산불조심기간 진화복 구입(산림녹지과),수의1인견적,2023-02-02,15200000,블루컴퍼니
본청,"제설제(소금,염화칼슘) 구입",수의2인이상견적,2023-02-03,45514950,(주)임팩트블랙홀
본청,전자 복사기 구입(지역개발과),수의1인견적,2023-02-07,2770000,희성정보통신
본청,2023년도 밤나무단지 수종갱신을 위한 묘목 구입(산림녹지과),수의1인견적,2023-02-09,11680000,진천군산림조합
본청,설계적산 프로그램(EST 최신판) 라이선스 키(KEY) 갱신 및 신규 추가 구입(홍보미디어실),수의1인견적,2023-02-14,13680000,(주)다산소프트
본청,2023년 유해야생동물 기피제 구입(환경에너지과),수의1인견적,2023-02-16,18476000,성해종합상사
본청,광혜원산업단지 외 2개소 수질TMS 시약 및 소모품 구입 집행,수의2인이상견적,2023-02-16,69828000,(주)네오이엔지
본청,2023년 산불무전 난청지역 해소를 위한 중계기지국(무선통신장비) 구입(산림녹지과),수의1인견적,2023-02-20,9204000,해성통신
본청,2023년 대형폐기물 신고필증 스티커 제작(식산업자원과),수의1인견적,2023-02-20,14155000,싸인아트
본청,VMS 교통정보제공시스템 제어기 교체,수의1인견적,2023-02-21,4800000,(주)동감
본청,2023년 가로수 관리를 위한 예초기 구입(산림녹지과),수의1인견적,2023-02-24,2640000,대명통상
본청,진천·음성 광역폐기물 침출수처리시설 지게차 구조변경 물품(로테이팅포크) 구입(식산업자원과),수의1인견적,2023-03-02,6200000,현대중공업 지게차 충북지점
본청,전자물품관리시스템 관리를 위한 장비 구입(리더기)(회계과),수의1인견적,2023-03-06,5140000,주식회사 케이아이티씨엔씨
본청,케이푸드밸리산업단지 공공폐수처리시설 증설공사 관급자재 구입(송풍기)(환경에너지과),수의1인견적,2023-03-07,34000000,(주)터보맥스
본청,전자적 십지지문 등록스캐너(민원토지과),수의1인견적,2023-03-07,3400000,희성정보통신
본청,구대장 한글전산화 프로그램 구입(민원토지과),수의1인견적,2023-03-07,10000000,(주)알찬정보시스템
본청,2023년 산불진화용 개인장비 구입(산림녹지과),수의1인견적,2023-03-08,14332000,산하그린
본청,2023년 산림병해충 방제를 위한 약제 구입(산림녹지과),수의1인견적,2023-03-08,17430000,우리농약사
본청,2023년 야생조류 기피제 구입(환경에너지과),수의1인견적,2023-03-09,3100000,성해종합상사
본청,"새올행정 틈새업무시스템 추가 개발(안전보건관리, 복지관회의실예약)(홍보미디어실)",수의1인견적,2023-03-09,14700000,주식회사 에즈웰
본청, 드림스타트 가족미션 챌린지 프로그램 진행에 따른 도서,수의1인견적,2023-03-09,3510000,진천서점
본청,2023년 이월 송림근린공원 콘테이너 구입(산림녹지과),수의1인견적,2023-03-10,3000000,진천스틸하우스
본청,케이푸드밸리산단 공공폐수처리시설 증설공사 관급자재 구입(유량조정조 펌프)(환경에너지과),수의1인견적,2023-03-10,12000000,(주)오비스
본청,케이푸드밸리산업단지 공공폐수처리시설 2단계 증설사업 관급자재(공법사기자재)(환경에너지과),수의1인견적,2023-03-10,462732090,환경시설관리주식회사
본청,가족친화과(여성회관) 전자복사기(가족친화과),수의1인견적,2023-03-10,2850000,희성정보통신
본청,"케이푸드밸리산단 공공폐수처리시설 관급자재 구입(반송슬러지, 처리수 펌프)(환경에너지과)",수의1인견적,2023-03-13,22300000,한국펌프공업협동조합
본청,모바일 신분증 진위확인 단말기 구입(민원토지과),수의1인견적,2023-03-13,7600000,희성정보통신
본청,2023년 시내버스 승강장 안전패널 설치 (대중교통활용 안전문화 홍보 사업)(안전총괄과),수의1인견적,2023-03-14,11600000,아주C&D
본청,팩스용 암호장비(홍보미디어실),수의1인견적,2023-03-14,5200000,주식회사 대영에스텍
본청,[충북혁신도시 복합혁신센터 건립사업(전기공사)]관급자재(무대장치) 구입,제한경쟁,2023-03-14,89760780,메가이엔씨
본청,2023년 진천군 기업체 안내책자 제작(경제과),수의1인견적,2023-03-15,5000000,미도인쇄사
본청,「진천·음성 광역폐기물 매립시설 7단 제방설치공사」관급자재(벤토파우더)(식산업자원과),수의1인견적,2023-03-15,18480000,주식회사 골든포우
본청,음식문화 수준향상을 위한 남은 음식 포장용 종이가방 제작(식산업자원과),수의1인견적,2023-03-16,5075000,(주)진천가이드
본청,2023년 제78회 식목일 내나무갖기 캠페인 나무 구입,수의1인견적,2023-03-16,5520000,좋은날 농원
본청,「진천·음성 광역폐기물 매립시설 7단 제방설치공사」 관급자재(벤토나이트매트)(식산업자원과),수의1인견적,2023-03-16,36732000,주식회사 골든포우
본청, 노후 구내정보통신(LAN) 장비 교체에 따른 부가 자재(홍보미디어실),수의1인견적,2023-03-21,39664000,주식회사 와이에스기업
본청,2023년 상반기 기업체안내판 정비사업(경제과),수의1인견적,2023-03-21,9222000,아주C&D
본청,"2023년도 꽃길 조성을 위한 봄 꽃묘(가우라,팬지)(산림녹지과)",수의1인견적,2023-03-21,6240000,좋은날농원
본청,케이푸드밸리 공공폐수처리시설 증설공사 관급자재 구입(탈수기)(환경에너지과),수의1인견적,2023-03-22,29700000,(주)에이알케이
본청,"2023년도 꽃길 조성을 위한 봄 꽃묘(비올라,팬지)(산림녹지과)",수의1인견적,2023-03-22,5760000,하나로화원
본청,『초평호 제2하늘다리 건설사업』 관급자재(데크시스템) 조달 구입(문화관광과),수의1인견적,2023-03-22,1503228800,수풍산업 주식회사
본청,CCTV 통합관제센터 출입통제시스템 납품(설치),수의1인견적,2023-03-22,3050000,(주)서건
본청,초평호 제2하늘다리 건설사업 관급자재(출렁다리 제작 및 설치)(2차분)(문화관광과),수의1인견적,2023-03-24,2324369920,주식회사 케이블브릿지
본청,2023년도 꽃길 및 치유의숲 입구등 장미 식재를 위한 꽃묘(산림녹지과),수의1인견적,2023-03-27,4060000,꽃마당농장
본청,일반업무용 전산재료 및 부품구입(홍보미디어실),수의1인견적,2023-03-27,9912000,희성정보통신
본청,진천군 지역자율방재단 피복 구입,수의1인견적,2023-03-28,4300000,아주C&D
본청,종박물관 문화상품(문화관광과),수의1인견적,2023-04-03,12548000,성종사
본청,2023년 그린시티 숲 조성사업(수목보호판),수의1인견적,2023-04-03,1980000, 나무도리
본청,「진천·음성 광역폐기물 매립시설 7단 제방설치공사」관급자재(지오셀 외 2종)(식산업자원과),수의1인견적,2023-04-04,125808000,주식회사지오콘
본청,지방세·세외수입 무인수납기(세정과),수의2인이상견적,2023-04-05,62900000,(주)새올정보기술
본청,군청 본관 1층 디스플레이 원격제어 프로그램(홍보미디어실),수의1인견적,2023-04-10,3342000,희성정보통신
본청,2023년도 꽃길 조성을 위한 꽃묘(리빙스턴데이지 외 3종)(산림녹지과),수의1인견적,2023-04-10,6102000,좋은날 농원
본청,민선7기 군정백서 발간(기획감사실),수의1인견적,2023-04-10,12200000,오투기획
본청,진천군 교통안전 홍보물품(건설교통과),수의1인견적,2023-04-12,4386250,고려기프트주식회사
본청,민원업무담당 공무원 보호를 위한 휴대용 보호장비(웨어러블 카메라)(민원토지과),수의1인견적,2023-04-13,7227000,주식회사 뮨
본청,행정전산실 설비관리시스템(FMS) 솔루션 업그레이드 작업(홍보미디어실),수의1인견적,2023-04-18,13160000,(주)새올정보기술
본청,2023 충청북도 사회조사 홍보용 물품(행정지원과),수의1인견적,2023-04-18,8500000,대영스포츠의료기
본청,진천군 음식물류폐기물 처리시설 설치사업 톱밥(식산업자원과),수의1인견적,2023-04-21,19675260,조흥산업(주)
본청,[충북혁신도시 복합혁신센터 건립사업(건축공사)]관급자재(GHP실외기) (건축디자인과),제한경쟁,2023-04-25,340818530,청남공조
본청,케이푸드밸리 공공폐수처리시설(2단계) 증설공사 관급자재 구입 (스컴제거기)(환경에너지과),수의1인견적,2023-04-26,34650000,주식회사호원
본청,신척산수산단 공공폐수처리시설 초순수 제조 기기(환경에너지과),수의1인견적,2023-04-26,3050000,주식회사 환경플러스
본청,2023년 산불지휘차량 고도화 시스템 구축(산림녹지과),수의1인견적,2023-04-28,11300000,세화자동차(주)
본청,생거판화미술관 기획전 도록 등 제작(문화관광과),수의1인견적,2023-04-28,9950000,디디어
본청,2023년 자연재난 대비 수방자재(안전총괄과),수의1인견적,2023-05-02,5632000,진천종합상사
본청,2023년 생활환경숲(대화공원) 조성사업 관급자재(음악벤치)(산림녹지과),수의1인견적,2023-05-03,13200000,(주)엔쓰컴퍼니
본청,무인교통단속장비 등 설치사업에 따른 관급자재 구입(한천초 옐로카펫)(건설교통과),수의1인견적,2023-05-08,16720000,주식회사 제이씨엠코리아
본청,포석공원 행적도 설치 구입(문화관광과),수의1인견적,2023-05-08,5300000,가야석재
본청,2023년도 농다리축제 준비를 위한 꽃묘(메리골드 등)(산림녹지과),수의1인견적,2023-05-09,5040000,조이플라워
본청,제15회 충청북도 도시군 청원경찰 화합한마당 단체복(행정지원과),수의1인견적,2023-05-10,5143000,네파진천점
본청, 가축분뇨공공처리시설(증설분) 활성탄여과기 여재 교체(환경에너지과),수의1인견적,2023-05-10,7200000,(주)한인엠시티
본청,진천읍 상계리 성암천 정비공사 물품(골재)(건설교통과),수의1인견적,2023-05-12,5010000,금성개발
본청,2023년 상반기 식품진흥기금 위생물품 구입,수의2인이상견적,2023-05-16,2420000,(주)진천가이드
본청,2023년 여성안심환경조성을 위한 여성안심 귀갓길 내 안전 시설물(가족친화과),수의1인견적,2023-05-17,5706000,유익인터네셔널
본청,진천읍 대기오염측정망 소모품(환경에너지과),수의1인견적,2023-05-18,7021600,하림엔지니어링(주)
본청,덕산읍 대기오염측정망 소모품(환경에너지과),수의1인견적,2023-05-18,7405000,주식회사 이엠솔루션
본청,2023년 생활환경숲 조성사업 관급자재(산림녹지과),수의1인견적,2023-05-19,13200000,(주)엔쓰컴퍼니
본청,진천군 음식물류폐기물 처리시설 설치사업 약품(식산업자원과),수의1인견적,2023-05-19,15450000,경서화학
본청,진천음성 광역폐기물매립시설 우수침투방지자재(식산업자원과),수의1인견적,2023-05-23,10392000,대호농자재
본청, 케이푸드밸리산업단지 공공폐수처리시설 증설공사 관급자재 구입(프로세스제어반)(환경에너지과),수의1인견적,2023-05-24,111922880,비콤시스템 주식회사
본청,노면청소 차량(95주4234) 수리(회계과),수의1인견적,2023-05-26,7776340,리텍 주식회사
본청,케이푸드밸리산업단지 공공폐수처리시설 2단계 증설공사(협잡물처리기 외1)(환경에너지과),수의1인견적,2023-05-31,200558520,(주)엔바이로텍
본청,신척산수산단 공공폐수처리시설 압송펌프 수리(환경에너지과),수의1인견적,2023-06-02,4450000,중앙모타사전기
본청,(정정)재난위험시설 금한교 보수공사 관급자재(아스팔트콘크리트)(건설교통과),수의2인이상견적,2023-06-08,51342100,흥진산업(주)
본청,백곡 장수복지회관 LED채널 및 간판 제작설치(건축디자인과),수의1인견적,2023-06-13,19500000,스카이광고
본청,전자칠판 구입(건축디자인과),수의1인견적,2023-06-13,8460000,희성정보통신
본청,순번대기 번호표 발행기 구입(차량등록팀)(건설교통과),수의1인견적,2023-06-13,2900000,희성정보통신
본청,진천군 음식물류폐기물 처리시설 설치사업 급배수 저장탱크(식산업자원과),수의1인견적,2023-06-14,3687000,태양FRP산업
본청,온톡메신저알리미(SW) 구입(홍보미디어실),수의1인견적,2023-06-14,12900000,주식회사 아이티스마트
본청,건설교통과 사무실(차량등록팀) 리모델링에 따른 사무집기 등 구입(건설교통과),수의1인견적,2023-06-16,7700000,(주)인하우스
본청,정보통신시설 운영 관련 소모품 구입(전화기 에스코드 등)(홍보미디어실),수의1인견적,2023-06-16,5642000,동양정보산업(주)
본청,2023년 폭염저감시설(스마트그늘막) 구매 설치(안전총괄과),수의1인견적,2023-06-19,34000000,본네이처
본청,충북혁신도시 복합혁신센터 건립사업(건축공사)]관급자재(휠체어리프트)(건축디자인과),수의1인견적,2023-06-21,60600000,주식회사 신우프론티어
본청,창의미래교육센터 ICT창의융합체험교육 교구(비봇)(교육청소년과),수의1인견적,2023-06-21,2061600,(주)제이이디아이
본청,창의미래교육센터 ICT창의융합체험교육 교구(코딩블록)(교육청소년과),수의1인견적,2023-06-21,2081900,(주)씨앤알테크
본청,백곡호 국가생태탐방로 조성사업 관급자재(2구간-데크로드시스템)(문화관광과),수의1인견적,2023-06-22,844349120,(유)송원이엔지
본청,[충북혁신도시 복합혁신센터 건립사업(건축공사)]관급자재(이동식 휠체어리프트)(건축디자인과),수의1인견적,2023-06-22,38700000,(주)비에프코리아
본청,케이푸드밸리 공공폐수처리시설(2단계) 증설공사 관급자재 구입 (슬러지 수집기)(환경에너지과),수의1인견적,2023-06-22,120675770,주식회사호원
본청,어린이보호구역 개선사업에 따른 관급자재 구입(초평초 옐로카펫)(건설교통과),수의1인견적,2023-06-26,4200000,스마트산업
본청,『광혜원면  재난전광판 신규설치 』집행,지명경쟁,2023-06-26,128189430,상승종합통신 주식회사
본청,2023년도 재해구호 지원사업(폭염 피해 예방대책 추진)을 위한 물품(주민복지과),수의1인견적,2023-06-27,6784000,이브자리
본청,EM사용 활성화 사업추진을 위한 배양재료 구입(환경에너지과),수의1인견적,2023-06-27,10948000,EM마을들꽃향기
본청,군청사  동관 서관 옥상 방수 공사 관급자재(회계과),수의1인견적,2023-06-28,32730000,(주)이파엘지
본청,휀스 및 저단형 게시대 일체형 제품 설치(건축디자인과),수의1인견적,2023-06-28,18600000,하나 건축
본청,신척산수산업단지 공공폐수처리시설 송풍기 보수(환경에너지과),수의1인견적,2023-06-29,11250000,(주)터보맥스
본청,2023년 산림병해충 방제를 위한 약제(산림녹지과),수의1인견적,2023-06-30,19640000,진천농약사
본청,「2023년 다목적광장 및 쉼터조성사업」관급자재 구입(MS에코담장)(건축디자인과),수의1인견적,2023-07-03,6720000,주식회사 글로벌이앤씨
본청,진천음성 광역폐기물매립시설 우수침투방지자재(식산업자원과),수의1인견적,2023-07-04,3250000,대호농자재
본청,민방위 주민대피시설 비상물품함 및 표지판 구입설치(안전총괄과),수의1인견적,2023-07-04,8410000,스카이광고
본청,가축분뇨공공처리시설 공기압축기 수선(환경에너지과),수의1인견적,2023-07-05,4200000,한신콤프렛서
본청,생거진천전통시장 노점상인 휴게용 컨테이너(경제과),수의1인견적,2023-07-05,13500000,세움모빌 주식회사
본청,2023년 덕산1호근린공원 어린이놀이시설(조합놀이대) 부속품(산림녹지과),수의1인견적,2023-07-12,6625000,(주)신이랜드
본청,광혜원2농공단지 중계펌프장 펌프 수리(환경에너지과),수의1인견적,2023-07-13,20000000,금정펌프 주식회사
본청,2023년 기초번호판 설치(민원토지과),수의1인견적,2023-07-14,8905000,충북로드
본청,어린이(가족) 특화공간 조성사업 관급자재(빌딩자동제어 장치)(건축디자인과),수의1인견적,2023-07-14,82700000,비콤시스템 주식회사
본청,광혜원산단 공공폐수처리시설 자외선소독설비 구입(환경에너지과),수의1인견적,2023-07-17,15600000,이그린텍
본청,광혜원산단 공공폐수처리시설 이온성계측기 구입(환경에너지과),수의1인견적,2023-07-18,15200000,(주)네오이엔지
본청,2023년도 대규모 코스모스 꽃단지 조성을 위한 코스모스 종자(산림녹지과),수의1인견적,2023-07-19,5260000,하나로화원
본청,어울림광장 공영주차장 간판 제작(건설교통과),수의1인견적,2023-07-28,16600000,프로광고기획
본청,드림스타트 보육(인지언어) 프로그램 진행에 따른 사공설 미술키트(가족친화과),수의1인견적,2023-07-28,6364000,사공설 주식회사
본청,폭염 대응 홍보물품(안전총괄과),수의1인견적,2023-08-03,20000000,고려기프트 주식회사
본청,진천군 가축분뇨공공처리시설(증설분) 산소발생기 소모품(제올라이트) 교체(환경에너지과),수의1인견적,2023-08-11,15800000,(주)원하이테크
본청,제78주년 광복절 기념 나라사랑 대형 태극기 현수막 제작(행정지원과),수의1인견적,2023-08-11,8950000,오투기획
본청,신척산수산단 공공폐수처리시설 슬러지수집기 감속체인 교체(환경에너지과),수의1인견적,2023-08-16,9000000,효림이엔아이 주식회사
본청,수상안전 인명사고 예방시설(안전총괄과),수의1인견적,2023-08-18,21300000,감환경디자인 주식회사
본청,2023년 하반기 식품진흥기금 위생물품 구입,수의1인견적,2023-08-22,5280000,유진한일합섬(주)
본청,케이푸드밸리산업단지 공공폐수처리시설 2단계 증설공사 관급자재 구입(활성탄여과기)(환경에너지과),수의1인견적,2023-08-25,88000000,(주)엔바이로텍
본청,2023년 추석맞이 사회복지시설 위문 물품 구입(주민복지과),수의1인견적,2023-08-30,8003300,진천축산업협동조합
본청,생거판화미술관 특별기획전 도록 등 제작(문화관광과),수의1인견적,2023-09-08,19100000,삼성엘리트인쇄(주)
본청,2023년 장애인보조기기(가족친화과),수의1인견적,2023-09-12,2846000,대영스포츠의료기
본청,「기전소하천 정비사업」관급자재(거더) 구매[기전 제2교](안전총괄과),수의1인견적,2023-09-13,92000000,주식회사 미강이엔씨
본청,진천군 가축분뇨공공처리시설(증설분) 산소발생기 밸브 교체(환경에너지과),수의1인견적,2023-09-14,7700000,주식회사 오에이에스
본청,2023년 산사태취약지역 표지판(산림녹지과),수의1인견적,2023-09-19,7300000,스카이광고
본청,회계과 전자복사기 구입(회계과),수의1인견적,2023-09-20,2860000,희성정보통신
본청,2023년 주요 진천군정 소책자 제작(기획감사실),수의1인견적,2023-09-22,5985000,오투기획
본청,2023년 대형폐기물 신고필증 스티커 추가 제작(식산업자원과),수의1인견적,2023-09-22,8941000,싸인아트
본청,안전총괄과 전자복사기(안전총괄과),수의1인견적,2023-09-22,2860000,희성정보통신
본청,2023년 생거진천 치유의 숲 조경수목(산림녹지과),수의1인견적,2023-09-22,4460000,더블유가든센터
본청,정보화교육 교재 구입,수의1인견적,2023-09-22,4246000,진천서점
본청,2023년 생거진천 문화축제 준비를 위한 꽃묘(산림녹지과),수의1인견적,2023-09-26,5922500,좋은날 농원
본청,2023년도 가을 꽃길 조성을 위한 국화(산림녹지과),수의1인견적,2023-10-04,9062500,주식회사 혁신산업
본청,신척산업단지 공공폐수처리시설 탈수기 제어반 교체(환경에너지과),수의1인견적,2023-10-05,5850000,태성전기(주)
본청,생활폐기물 분리배출시설 제작(식산업자원과),수의1인견적,2023-10-12,13500000,국제기업
본청,2023년 미르숲 운영 관리를 위한 수국(산림녹지과),수의1인견적,2023-10-12,4708800,국제원예종묘 농업회사법인 주식회사
본청,2023년 봉화산 지역특화 숲길 조성 사업 관급자재 구입 의뢰(개비온월판넬)(산림녹지과),수의1인견적,2023-10-12,4850000,더 어울림
본청,노후 네트워크 스위치 통합관리 시스템(TiController) 교체(홍보미디어실),수의1인견적,2023-10-16,18200000,주식회사 와이에스기업
본청,2023년 지역사회서비스 투자사업 홍보물품(주민복지과),수의1인견적,2023-10-17,7452000,스카이광고
본청,K-스마트 인공지능 교육센터 전자칠판(교육청소년과),수의1인견적,2023-10-17,6180000,희성정보통신
본청,보재이상설기념관 전시유물 복제제작(주민복지과),수의1인견적,2023-10-18,28250000,(주)다산애드컴
본청,2023년도 진천군 제설장비 수리(건설교통과),수의1인견적,2023-10-19,11750000,리텍 주식회사
본청,설계적산 프로그램(EST 최신판) 라이선스(홍보미디어실),수의1인견적,2023-10-19,8550000,(주)다산소프트
본청,향토음식거리(초평붕어마을)메뉴판 제작(식산업자원과),수의1인견적,2023-10-19,8596000,(주)진천가이드
본청,본청 동관 3층 남직원 휴게실 가구(행정지원과),수의1인견적,2023-10-20,4312230,중부사무용가구
본청,2023년 폭염저감시설(스마트그늘막) 설치(안전총괄과),수의1인견적,2023-10-20,19000000,본네이처
본청,온실형 아쿠아포닉스 스마트팜 장치(주민복지과),제한경쟁,2023-10-20,108400000,그린종합사무기
본청,제설용 모래(건설교통과),수의1인견적,2023-10-23,19975000,주시회사 옥산개발
본청,2023년 생거진천 자연휴양림 객실 운영에 따른 침구류 구입(산림녹지과),수의1인견적,2023-10-25,8450000,커텐과이불
본청,2023년 진천군 가을철 산불조심기간 진화복(안전총괄과),수의1인견적,2023-10-25,18090000,블루컴퍼니
본청,진천 성암천 상습침수지역 재해예방사업 관급자재 구입(혁신장터)(건설교통과),수의1인견적,2023-10-27,11016000,(주)펜타드
본청,『진천읍 도시재생사업(3無 안심거리 조성)』 관급자재(클린하우스) 집행(지역개발과),수의1인견적,2023-10-27,30000000,주식회사 백산테크
본청,K-스마트 인공지능 교육센터 레이저커팅기 등 구입(교육청소년과),수의1인견적,2023-11-02,9200000,부광GTC
본청,진천읍 재난전광판 제작 및 설치(안전총괄과),수의1인견적,2023-11-02,373190200,주식회사 케이엘디
본청,층간소음측정기 구입(건축디자인과),수의1인견적,2023-11-02,9840000,중앙계측기 주식회사
본청,홍보미디어실 전자복사기 구입(홍보미디어실),수의1인견적,2023-11-06,2860000,희성정보통신
본청,생거진천전통시장 쓰레기 분리수거장(경제과),수의1인견적,2023-11-06,20500000,(주)아이안디자인
본청,관급자재 구입(성암초등학교 어린이보호구역 가열융착식(논슬립)표지)(건설교통과),수의1인견적,2023-11-06,8780000,스마트산업
본청,K-스마트 인공지능 교육센터 3D프린터(교육청소년과),수의1인견적,2023-11-07,6200000,수복상사
본청,진천군 음식물류폐기물 처리시설 사물인터넷(IoT) 측정기기 설치(식산업자원과),수의1인견적,2023-11-07,15000000,영우종합환경 주식회사
본청,이월터미널 버스승강장 냉난방기(건설교통과),수의1인견적,2023-11-07,3000000,가람이엔지
본청,"제설제(소금, 염화칼슘) 구입(건설교통과)",일반경쟁,2023-11-08,116979900,주식회사 에이치원
본청,가축분뇨공공처리시설(증설분) 활성탄여과기 여재 교체(환경에너지과),수의1인견적,2023-11-08,7400000,(주)한인엠시티
본청,제2통신실 KVM 스위치 구입(홍보미디어실),수의1인견적,2023-11-09,4650000,주식회사 와이에스기업
본청,진천 문화예술회관 건립공사(건축) 관급자재(화물용 엘리베이터)(지역개발과),제한경쟁,2023-11-13,108972690,(주)대한특수승강기
본청,「읍내리 공영주차장 조성공사(통공)」관급자재(골재) (건설교통과),수의1인견적,2023-11-13,3427200,금성개발
본청,드림스타트 가족미션 챌린지 프로그램 진행에 따른 밀키트(가족친화과),수의1인견적,2023-11-13,4154200,담꾹 진천혁신도시점
본청,2023년도 밤나무단지 수종갱신을 위한 묘목 구입(가을철)(산림녹지과),수의1인견적,2023-11-14,4320000,진천군산림조합
본청,신척산수산단 공공폐수처리시설 송풍기 수선(환경에너지과),수의1인견적,2023-11-14,12800000,(주)터보맥스
본청,2023년 자연재난 대비 수방자재(안전총괄과),수의1인견적,2023-11-14,11589200,동명종합상사
본청,지진가속도계측기 기록계 및 센서 교체 구입,수의1인견적,2023-11-15,21780000,주식회사 에이케이지씨
본청,2023년도 재해구호 지원사업(한파 피해 예방대책 추진)을 위한 물품 구입(주민복지과),수의1인견적,2023-11-15,6921600,이브자리
본청,광혜원산단 공공폐수처리시설 수질분석기 구매(환경에너지과),수의2인이상견적,2023-11-15,88000000,(주)네오이엔지
본청,미르숲 황토맨발숲길 조성사업 관급자재(흙먼지털이기)(산림녹지과),수의1인견적,2023-11-20,18000000,산하그린
본청,2023년 밤나무단지 관리를 위한 고형비료(산림녹지과),수의1인견적,2023-11-21,3450000,진천농약사
본청,생활권 등산로 2차 정비사업 관급자재(평상)(산림녹지과),수의1인견적,2023-11-23,9150000,아이원체육조경 대표 한광제
본청,IP방송시스템 추가 단말기 구입(홍보미디어실),수의1인견적,2023-11-23,2300000,주식회사 스마트아이
본청,미르숲 황토맨발숲길 조성 사업 관급자재(세족장 외) (산림녹지과),수의1인견적,2023-11-23,29200000,지인
본청,미르숲 황토맨발숲길 조성사업 관급자재(포토존벤치)(산림녹지과),수의1인견적,2023-11-23,8300000,와하
본청,진천·음성 광역폐기물 매립시설 굴착기 부품(집게)(식산업자원과),수의1인견적,2023-11-27,7180000,엠티중공업(주)
본청,진천군 음식물류폐기물공공처리시설 선별기 등 구입(식산업자원과),수의1인견적,2023-11-28,203000000,(주)엔바이로텍
본청,보재이상설기념관 안내데스크 제작(주민복지과),수의1인견적,2023-11-28,6500000,(주)다산애드컴
본청,2023년 여성 안심화장실 조성사업 안심스크린 설치(식산업자원과),수의1인견적,2023-11-29,5280000,두리광고
본청,신척산수산단 공공폐수처리시설 수위계 외 1건(환경에너지과),수의1인견적,2023-11-29,14650000,한국플로우
본청,화재대피용 생명구조타올 구입,수의1인견적,2023-11-30,9157500,세이빙스토리
본청,지역현장 재난안전점검을 위한 안전점검용 드론(안전총괄과),수의2인이상견적,2023-12-01,88330000,주식회사자이언트드론
본청,삼수초등학교일원 어린이보호구역 정비공사에 따른 관급자재 구입(옐로카펫)(건설교통과),수의1인견적,2023-12-01,12600000,스마트산업
본청,정보화교육 교재 구입,수의1인견적,2023-12-01,4640000,진천서점
본청,미르숲 황토맨발숲길 조성 사업 관급자재 구입(피크닉테이블)(산림녹지과),수의1인견적,2023-12-01,2100000,주식회사 이지데코
본청,미르숲 황토맨발숲길 조성 사업 관급자재 구입(그늘막벤치)(산림녹지과),수의1인견적,2023-12-01,4396000,(주)삼인
본청,신척산수산단 공공폐수처리시설 CCTV교체(환경에너지과),수의1인견적,2023-12-04,8950000,(주)삼미무선정보시스템
본청,『송강 문화창조마을 조성사업(전기)』 관급자재 (태양광발전시설)(문화관광과),수의1인견적,2023-12-05,390000000,쏠라리버주식회사
본청,진천 스토리창작클러스터 내부집기(침구류) 구입 계약 집행,수의1인견적,2023-12-07,20655200,커텐과이불
본청,드림스타트 (부모가족) 프로그램 크리스마스 생크림케이크 밀키트(가족친화과),수의1인견적,2023-12-07,3180000,양빵
본청,광혜원산단 공공폐수처리시설 수중펌프(환경에너지과),수의1인견적,2023-12-07,12600000,금정펌프 주식회사
본청,광혜원산단 공공폐수처리시설 유량조정조 인버터 교체 및 침사지 제어반 수(환경에너지과),수의1인견적,2023-12-07,7700000,(주)수도전기제어
본청,한파저감시설(냉온열의자) 유지보수(안전총괄과),수의1인견적,2023-12-07,15454640,(주)대현금속
본청,겨울철 소형제설장비 구입(안전총괄과),수의1인견적,2023-12-08,16200000,주식회사 비엠모터스
본청,재난예경보시스템 서버 교체 구입 ,수의1인견적,2023-12-08,4900000,(주)화진티엔아이
본청,2024년도 드림스타트 홍보 탁상용 카렌더 제작(가족친화과),수의1인견적,2023-12-08,6400000,스카이광고
본청,제설제(25kg 포대염화칼슘) 구입(건설교통과),수의1인견적,2023-12-13,20800000,알파환경식품
본청,진천읍 도시재생사업(정통힐링존 CCTV 구입)(지역개발과),수의1인견적,2023-12-13,9440000,주식회사 코맥스엔코전자통신
본청,드림스타트 (인지/언어) 프로그램 학습관련 예비 중학생을 위한 책가방(가족친화과),수의1인견적,2023-12-14,3240000,네파진천점
본청,겨울철 소형제설장비(엔진형 블로워) 구입(안전총괄과),수의1인견적,2023-12-14,3600000,창성종합포장상사
본청,겨울철 소형제설장비(소형 블로워) 구입,수의1인견적,2023-12-14,2600000,지씨바이오텍
본청,희망복지지원단 취약계층 건강지원 특화사업 진행을 위한 물품 구입(가정용혈압기 외 1종)(주민복지과),수의1인견적,2023-12-18,2860000,대영의료기
본청,2024년 갑진년 연하장 제작(행정지원과),수의1인견적,2023-12-19,6600000,오투기획
본청,제설 차량(충북06고9048) 윈터 타이어 구입(회계과),수의1인견적,2023-12-20,7000000,국희카공업사
본청,진천 스토리창작클러스터 도어락 구입 계약 집행,수의2인이상견적,2023-12-21,5270000,열쇠박사
본청,2024년도 직원업무수첩 제작(행정지원과),수의1인견적,2023-12-22,18450000,오투기획
본청,"정보통신시설 운영 관련 소모품 구입(허브, 흡착기)",수의1인견적,2023-12-22,4086000,희성정보통신
본청,충북혁신도시 복합혁신센터 공연장 안내데스크 구입(투자전략실),수의1인견적,2023-12-27,2500000,봉인테리어
본청,제설제(소금) 응급 구입(건설교통과),수의1인견적,2023-12-27,18480000,알파환경식품
본청,진천·음성 광역폐기물 침출수처리시설 처리수배관 세척설비 구입(식산업자원과),수의1인견적,2023-12-29,50000000,아세아프로텍
본청,참숯힐빙센터 전통숯가마 집진시설 제작설치 사업(산림녹지과),수의1인견적,2023-12-29,289000000,(쭈)케이에프
